-- Generation time: Mon, 04 May 2020 18:04:40 +0000
-- Host: mysql.hostinger.ro
-- DB name: u574849695_21
/*!40030 SET NAMES UTF8 */;
/*!40101 SET @OLD_CHARACTER_SET_CLIENT=@@CHARACTER_SET_CLIENT */;
/*!40101 SET @OLD_CHARACTER_SET_RESULTS=@@CHARACTER_SET_RESULTS */;
/*!40101 SET @OLD_COLLATION_CONNECTION=@@COLLATION_CONNECTION */;
/*!40103 SET @OLD_TIME_ZONE=@@TIME_ZONE */;
/*!40103 SET TIME_ZONE='+00:00' */;
/*!40014 SET @OLD_UNIQUE_CHECKS=@@UNIQUE_CHECKS, UNIQUE_CHECKS=0 */;
/*!40014 SET @OLD_FOREIGN_KEY_CHECKS=@@FOREIGN_KEY_CHECKS, FOREIGN_KEY_CHECKS=0 */;
/*!40101 SET @OLD_SQL_MODE=@@SQL_MODE, SQL_MODE='NO_AUTO_VALUE_ON_ZERO' */;
/*!40111 SET @OLD_SQL_NOTES=@@SQL_NOTES, SQL_NOTES=0 */;

DROP TABLE IF EXISTS `communities`;
CREATE TABLE `communities` (
  `id` bigint(20) unsigned NOT NULL AUTO_INCREMENT,
  `name` varchar(150) COLLATE utf8_unicode_ci DEFAULT NULL,
  PRIMARY KEY (`id`),
  KEY `communities_name_idx` (`name`)
) ENGINE=InnoDB AUTO_INCREMENT=101 DEFAULT CHARSET=utf8 COLLATE=utf8_unicode_ci;

INSERT INTO `communities` VALUES ('24','a'),
('5','ab'),
('70','accusamus'),
('26','ad'),
('31','architecto'),
('73','architecto'),
('81','architecto'),
('90','asperiores'),
('98','aspernatur'),
('11','aut'),
('12','aut'),
('28','aut'),
('40','aut'),
('100','aut'),
('43','autem'),
('35','beatae'),
('57','consequatur'),
('52','corrupti'),
('14','culpa'),
('37','cum'),
('4','debitis'),
('65','debitis'),
('89','delectus'),
('44','dolor'),
('68','dolor'),
('84','dolor'),
('25','dolore'),
('36','dolorem'),
('51','dolores'),
('55','dolores'),
('75','doloribus'),
('9','dolorum'),
('63','earum'),
('76','eligendi'),
('8','est'),
('18','est'),
('45','est'),
('83','est'),
('93','et'),
('6','excepturi'),
('16','facilis'),
('19','fugiat'),
('49','fugiat'),
('95','fugiat'),
('22','harum'),
('34','harum'),
('20','in'),
('91','in'),
('66','incidunt'),
('67','ipsa'),
('47','iusto'),
('72','labore'),
('94','magni'),
('62','maiores'),
('97','maiores'),
('10','minus'),
('17','mollitia'),
('48','natus'),
('78','nihil'),
('64','nisi'),
('86','nisi'),
('88','non'),
('27','nostrum'),
('60','numquam'),
('71','occaecati'),
('54','odit'),
('30','omnis'),
('74','omnis'),
('82','omnis'),
('85','omnis'),
('41','provident'),
('13','quam'),
('2','qui'),
('33','qui'),
('56','qui'),
('3','quia'),
('21','quia'),
('23','quia'),
('61','quia'),
('69','quibusdam'),
('15','quidem'),
('38','ratione'),
('87','sed'),
('32','sit'),
('39','sit'),
('92','tempora'),
('59','tempore'),
('7','tenetur'),
('42','tenetur'),
('77','tenetur'),
('53','unde'),
('1','ut'),
('80','ut'),
('96','ut'),
('50','vel'),
('46','veniam'),
('99','voluptas'),
('79','voluptate'),
('58','voluptatem'),
('29','voluptates'); 


DROP TABLE IF EXISTS `friend_requests`;
CREATE TABLE `friend_requests` (
  `initiator_user_id` bigint(20) unsigned NOT NULL,
  `target_user_id` bigint(20) unsigned NOT NULL,
  `status` enum('requested','approved','unfriended','declined') COLLATE utf8_unicode_ci DEFAULT NULL,
  `requested_at` datetime DEFAULT current_timestamp(),
  `confirmed_at` datetime DEFAULT NULL ON UPDATE current_timestamp(),
  PRIMARY KEY (`initiator_user_id`,`target_user_id`),
  KEY `target_user_id` (`target_user_id`),
  CONSTRAINT `friend_requests_ibfk_1` FOREIGN KEY (`initiator_user_id`) REFERENCES `users` (`id`),
  CONSTRAINT `friend_requests_ibfk_2` FOREIGN KEY (`target_user_id`) REFERENCES `users` (`id`)
) ENGINE=InnoDB DEFAULT CHARSET=utf8 COLLATE=utf8_unicode_ci;

INSERT INTO `friend_requests` VALUES ('1','2','approved','2002-08-30 07:48:28','1997-02-02 03:51:30'),
('1','4','requested','1983-08-11 21:21:41','2016-05-23 22:47:54'),
('1','5','unfriended','1998-01-17 12:07:58','2008-07-10 15:29:28'),
('1','8','unfriended','2007-11-26 18:10:28','1980-03-23 22:16:20'),
('1','9','unfriended','1976-09-11 21:55:02','1977-04-28 11:27:57'),
('2','1','approved','1977-01-11 12:43:37','2008-10-22 20:51:18'),
('2','3','requested','1996-04-07 05:41:31','2007-05-27 06:54:46'),
('2','4','unfriended','1985-04-23 06:47:51','2010-01-20 13:14:37'),
('2','5','unfriended','2005-05-11 07:13:07','2013-04-24 19:13:19'),
('2','7','requested','1978-08-20 13:04:45','1972-04-01 23:40:14'),
('2','8','approved','1977-02-18 22:37:53','2003-10-19 07:25:36'),
('2','9','unfriended','1980-08-04 04:20:50','1978-02-09 03:05:27'),
('3','1','declined','2000-01-03 21:53:13','1985-05-02 00:13:19'),
('3','2','unfriended','2012-08-29 00:18:35','2005-04-21 05:51:44'),
('3','8','approved','2011-01-01 15:55:42','2007-05-01 10:56:22'),
('4','2','approved','2005-08-06 23:17:23','2001-07-19 13:45:49'),
('4','3','requested','1973-08-18 09:30:40','2015-10-07 02:59:36'),
('4','5','declined','2015-08-19 04:28:04','1977-09-22 02:10:52'),
('4','6','unfriended','2019-04-29 17:59:04','1975-10-20 00:53:12'),
('4','7','approved','2011-05-22 21:34:03','2012-03-30 05:31:26'),
('4','8','unfriended','2006-01-01 00:07:04','2015-10-18 01:12:46'),
('5','1','requested','1984-06-13 07:30:25','2000-03-28 08:40:13'),
('5','2','requested','2018-10-17 11:09:09','1992-06-12 22:19:37'),
('5','3','unfriended','1987-07-17 20:58:05','1972-06-23 06:18:17'),
('5','4','approved','1998-06-04 00:54:46','1985-09-30 06:57:02'),
('5','7','declined','2010-10-26 10:37:53','2013-06-23 02:28:18'),
('5','8','unfriended','1988-07-02 13:21:27','1989-03-30 10:36:18'),
('5','9','unfriended','2011-01-09 07:52:05','2006-08-08 09:10:14'),
('6','1','declined','2000-10-27 08:48:37','1977-09-14 20:55:17'),
('6','3','declined','1974-05-11 17:41:29','1987-08-15 20:44:10'),
('6','4','approved','1991-04-16 02:07:53','1992-03-31 19:00:55'),
('6','5','declined','2009-02-14 07:09:24','2016-03-27 18:25:08'),
('6','6','approved','2015-02-01 17:29:09','2015-10-15 10:22:16'),
('6','7','unfriended','1982-10-21 05:48:49','1991-01-01 06:33:04'),
('6','9','requested','2017-10-16 18:06:46','2005-06-22 06:37:36'),
('7','1','declined','2015-10-08 12:42:54','1995-04-14 18:52:09'),
('7','2','unfriended','1970-08-17 06:01:08','1971-04-12 17:05:14'),
('7','4','declined','1984-06-15 07:23:00','1987-05-16 02:08:24'),
('7','6','approved','1979-04-19 18:28:24','2005-08-14 07:25:39'),
('7','8','requested','2007-12-14 20:37:02','2007-07-11 13:57:03'),
('7','9','declined','1977-07-26 02:29:21','2001-11-14 16:38:41'),
('8','2','unfriended','2012-05-15 02:16:29','1996-02-08 22:31:40'),
('8','4','approved','1977-05-13 16:29:49','1980-04-08 13:26:09'),
('8','5','requested','2007-06-24 08:45:48','2005-08-01 12:49:36'),
('8','6','requested','1994-01-24 17:31:33','2001-01-26 13:04:42'),
('8','7','unfriended','1984-02-19 17:55:15','1998-08-13 09:24:15'),
('8','8','unfriended','1993-03-24 16:00:00','1993-02-15 02:12:40'),
('8','9','declined','1997-12-08 04:00:07','1975-01-05 11:26:24'),
('9','2','declined','1980-03-29 04:51:43','2000-06-02 23:49:26'),
('9','4','unfriended','1995-03-21 06:56:41','1990-10-27 17:12:08'),
('9','5','unfriended','1974-10-26 19:00:21','1981-08-19 19:24:05'),
('9','6','approved','1973-09-11 12:45:05','1971-02-08 05:42:37'),
('9','7','unfriended','2018-05-09 04:07:08','1977-09-21 09:52:05'),
('9','8','declined','2013-03-04 00:46:08','1989-06-25 22:17:44'); 


DROP TABLE IF EXISTS `likes`;
CREATE TABLE `likes` (
  `id` bigint(20) unsigned NOT NULL AUTO_INCREMENT,
  `user_id` bigint(20) unsigned NOT NULL,
  `media_id` bigint(20) unsigned NOT NULL,
  `created_at` datetime DEFAULT current_timestamp(),
  PRIMARY KEY (`id`)
) ENGINE=InnoDB AUTO_INCREMENT=101 DEFAULT CHARSET=utf8 COLLATE=utf8_unicode_ci;

INSERT INTO `likes` VALUES ('1','1','1','1991-04-11 23:13:13'),
('2','2','2','1985-08-24 21:33:12'),
('3','3','3','1990-10-22 04:32:07'),
('4','4','4','2002-04-09 10:44:31'),
('5','5','5','2002-09-19 03:59:04'),
('6','6','6','1978-01-20 21:28:48'),
('7','7','7','1980-02-28 18:08:59'),
('8','8','8','1976-08-25 00:33:30'),
('9','9','9','1995-02-01 21:27:41'),
('10','10','10','1984-04-18 13:04:35'),
('11','11','11','2009-09-30 12:40:39'),
('12','12','12','2019-12-17 18:10:32'),
('13','13','13','2012-01-31 21:50:31'),
('14','14','14','2008-09-26 22:16:00'),
('15','15','15','2017-01-13 23:24:09'),
('16','16','16','2001-12-24 13:40:18'),
('17','17','17','2008-04-18 16:28:07'),
('18','18','18','2014-07-28 22:14:08'),
('19','19','19','1995-11-13 14:53:08'),
('20','20','20','1973-04-05 13:00:31'),
('21','21','21','2001-07-26 18:12:35'),
('22','22','22','2016-02-08 15:21:26'),
('23','23','23','2009-11-17 08:15:52'),
('24','24','24','2007-07-31 22:03:04'),
('25','25','25','1973-01-10 22:14:52'),
('26','26','26','2013-11-27 02:20:13'),
('27','27','27','2015-02-07 18:59:48'),
('28','28','28','1995-05-24 14:57:41'),
('29','29','29','1993-05-08 04:35:36'),
('30','30','30','1982-05-09 07:58:10'),
('31','31','31','1995-08-14 15:31:03'),
('32','32','32','1986-08-19 05:56:32'),
('33','33','33','1976-09-26 02:20:58'),
('34','34','34','1993-03-22 04:11:33'),
('35','35','35','2005-02-21 10:52:39'),
('36','36','36','1987-08-09 00:34:58'),
('37','37','37','1982-12-09 21:42:24'),
('38','38','38','2005-12-06 09:40:52'),
('39','39','39','1976-04-26 05:57:24'),
('40','40','40','1983-11-03 12:56:10'),
('41','41','41','1973-06-15 00:19:37'),
('42','42','42','1975-12-26 07:30:41'),
('43','43','43','1974-07-01 16:30:00'),
('44','44','44','1982-01-22 13:10:09'),
('45','45','45','2017-04-04 21:30:49'),
('46','46','46','1972-12-13 20:53:14'),
('47','47','47','1999-06-15 01:51:59'),
('48','48','48','1972-12-03 05:22:09'),
('49','49','49','1984-05-19 23:18:18'),
('50','50','50','1970-01-26 07:25:31'),
('51','51','51','1991-12-24 21:07:44'),
('52','52','52','2010-09-15 21:24:36'),
('53','53','53','1982-11-05 08:50:40'),
('54','54','54','2009-07-05 04:46:16'),
('55','55','55','1996-12-15 15:12:37'),
('56','56','56','1989-12-29 11:05:34'),
('57','57','57','1983-03-02 07:31:16'),
('58','58','58','2006-10-02 06:39:12'),
('59','59','59','1997-10-19 12:20:15'),
('60','60','60','1980-08-07 15:58:36'),
('61','61','61','1999-02-11 21:28:18'),
('62','62','62','2002-05-03 16:30:22'),
('63','63','63','1993-06-06 18:11:17'),
('64','64','64','2015-09-28 07:54:50'),
('65','65','65','2001-12-26 03:30:30'),
('66','66','66','1992-07-16 15:37:55'),
('67','67','67','1992-10-04 14:21:13'),
('68','68','68','1976-05-16 22:25:26'),
('69','69','69','2003-04-16 10:03:38'),
('70','70','70','1979-06-25 20:45:03'),
('71','71','71','1994-11-15 18:09:18'),
('72','72','72','2007-03-10 19:19:28'),
('73','73','73','1976-09-29 04:37:32'),
('74','74','74','2015-08-27 03:24:25'),
('75','75','75','1988-09-24 22:21:14'),
('76','76','76','1990-12-11 17:09:15'),
('77','77','77','1971-06-06 13:44:59'),
('78','78','78','1972-07-15 01:59:13'),
('79','79','79','2005-12-19 02:35:47'),
('80','80','80','1996-02-06 21:44:04'),
('81','81','81','2004-07-28 16:25:42'),
('82','82','82','2015-06-01 22:01:16'),
('83','83','83','1992-09-25 14:22:28'),
('84','84','84','2008-11-22 11:47:50'),
('85','85','85','1972-07-09 20:40:17'),
('86','86','86','1994-09-19 22:33:01'),
('87','87','87','1998-08-15 09:56:14'),
('88','88','88','1972-03-08 13:55:13'),
('89','89','89','1987-05-10 06:42:18'),
('90','90','90','1988-01-09 19:09:18'),
('91','91','91','2010-06-26 07:10:39'),
('92','92','92','1986-09-03 20:00:36'),
('93','93','93','2014-10-26 04:23:23'),
('94','94','94','1983-06-05 19:57:46'),
('95','95','95','1995-03-09 18:26:19'),
('96','96','96','1989-04-28 19:41:21'),
('97','97','97','1988-07-25 00:26:07'),
('98','98','98','1991-01-20 03:50:09'),
('99','99','99','1970-07-23 17:54:19'),
('100','100','100','2000-10-08 13:57:32'); 


DROP TABLE IF EXISTS `media`;
CREATE TABLE `media` (
  `id` bigint(20) unsigned NOT NULL AUTO_INCREMENT,
  `media_type_id` bigint(20) unsigned NOT NULL,
  `user_id` bigint(20) unsigned NOT NULL,
  `body` text COLLATE utf8_unicode_ci DEFAULT NULL,
  `filename` varchar(255) COLLATE utf8_unicode_ci DEFAULT NULL,
  `size` int(11) DEFAULT NULL,
  `metadata` longtext CHARACTER SET utf8mb4 COLLATE utf8mb4_bin DEFAULT NULL,
  `created_at` datetime DEFAULT current_timestamp(),
  `updated_at` datetime DEFAULT current_timestamp() ON UPDATE current_timestamp(),
  PRIMARY KEY (`id`),
  KEY `user_id` (`user_id`),
  KEY `media_type_id` (`media_type_id`),
  CONSTRAINT `media_ibfk_1` FOREIGN KEY (`user_id`) REFERENCES `users` (`id`),
  CONSTRAINT `media_ibfk_2` FOREIGN KEY (`media_type_id`) REFERENCES `media_types` (`id`)
) ENGINE=InnoDB AUTO_INCREMENT=101 DEFAULT CHARSET=utf8 COLLATE=utf8_unicode_ci;

INSERT INTO `media` VALUES ('1','1','1','Magnam sed saepe dolor ut voluptatem qui accusamus. Quis velit eum doloremque doloremque. Veniam nihil modi repellendus qui sit atque velit.','aut','2',NULL,'2004-02-28 13:46:59','2016-12-12 14:20:10'),
('2','2','2','Et laudantium praesentium facilis neque. Reprehenderit ullam omnis non odio soluta magni. Ipsa corrupti sint qui numquam sed praesentium velit. Dolorem suscipit minus et ea nobis sed corrupti.','error','4831',NULL,'2003-03-24 00:50:21','1983-04-19 07:46:29'),
('3','3','3','Aperiam ut sit et eligendi. Quo dolores nulla est nihil officiis iusto.','laboriosam','4800',NULL,'1978-04-04 07:52:53','1983-01-06 06:04:23'),
('4','4','4','Quo neque ut esse iure in autem. Cum aut aut ratione asperiores laboriosam quae. Consequatur hic dolores id minima reiciendis. Qui molestias rerum id non dolorem.','sit','91767',NULL,'1992-02-19 17:24:28','1995-09-28 05:38:11'),
('5','5','5','Molestiae autem quibusdam quod placeat eveniet. Ut debitis harum reprehenderit quis. Nisi quia fugit architecto voluptatem voluptate. Accusantium facilis aut exercitationem quaerat id nam rerum.','vitae','133090',NULL,'1997-11-02 17:01:59','1993-01-12 09:06:41'),
('6','6','6','Beatae officiis qui veritatis alias porro et. Vel temporibus illo esse qui qui laboriosam. Quam accusantium accusamus eius id expedita ut rerum. Nostrum sapiente explicabo dolorem aliquam ut rerum ipsam qui.','deleniti','458153330',NULL,'1986-06-06 06:18:07','1972-12-29 15:16:15'),
('7','7','7','Nihil repudiandae quisquam odio doloremque. Magni nam accusantium voluptas ratione omnis. Expedita laboriosam earum sunt reiciendis animi eius quo recusandae. Est aspernatur et minima qui earum neque.','dolor','7119',NULL,'2002-08-31 00:19:15','1971-02-28 12:50:25'),
('8','8','8','Nihil laudantium impedit nihil autem. Ratione commodi est fuga ut est modi quo.','magni','456',NULL,'1999-09-09 01:49:18','2010-06-27 14:45:26'),
('9','9','9','Quisquam inventore cupiditate amet consequatur. Porro voluptates et nemo sed ratione quasi. Ea corrupti dolor rerum nesciunt. Animi adipisci maiores quis temporibus alias.','consectetur','23438',NULL,'2016-04-20 05:27:20','2012-10-24 12:16:16'),
('10','10','10','Excepturi velit asperiores ullam qui ut saepe. Doloremque doloribus quasi illum rem non et dicta neque. Officia fugiat aperiam sint alias aut.','iste','23570081',NULL,'2012-05-28 15:01:52','1974-12-28 00:10:29'),
('11','11','11','Eum temporibus assumenda accusamus sit. Rerum distinctio soluta rerum iure distinctio illo dolorum sapiente. Laboriosam fugiat illo distinctio architecto ab et. Atque repellat voluptatem quo nostrum placeat veritatis.','error','3362',NULL,'1987-04-14 03:30:31','2007-11-04 05:13:15'),
('12','12','12','Aut iure sequi aut. Harum voluptates explicabo velit quidem eum nam. Labore necessitatibus eum ea id. Et occaecati dicta voluptatem voluptatum voluptatem error.','et','35677',NULL,'1971-09-10 00:34:44','2014-12-17 07:52:35'),
('13','13','13','Ab saepe magnam labore architecto et aliquid odio suscipit. Accusantium architecto rerum quae sint et qui nesciunt. Reprehenderit sint voluptas eaque at. Repellendus eius dolorem vel veritatis vero est.','numquam','91905',NULL,'1976-03-06 14:31:18','2010-01-15 06:45:55'),
('14','14','14','Porro qui consequatur in velit cum at vel. Tempora vero laborum nemo modi incidunt. Odit sequi adipisci iste illum illo quae reiciendis.','quod','22046',NULL,'1988-04-26 18:50:09','2013-04-23 02:53:51'),
('15','15','15','Sequi aperiam tenetur consequatur cupiditate nobis quaerat explicabo. Sit ipsum est velit est nobis consequuntur itaque. Eum voluptatum corporis autem earum quo ut. Earum rerum ut atque aut labore neque id. Omnis nisi molestias cupiditate est aut ipsa.','quaerat','4070209',NULL,'1999-06-15 09:45:40','2016-06-23 21:22:10'),
('16','16','16','Eum laboriosam ut voluptatibus cum temporibus dolores. Dolores eaque modi deserunt.','doloremque','4630',NULL,'2006-02-27 23:55:20','2013-06-13 05:55:38'),
('17','17','17','Numquam commodi sit quia hic voluptas minus. Unde tempora assumenda et amet quis ipsa. Ut perspiciatis vitae aut voluptas placeat amet. Vel nemo et est enim dolores labore eius.','culpa','43',NULL,'1982-09-17 00:03:04','1980-07-18 21:12:50'),
('18','18','18','Dolor ratione consequatur et distinctio itaque at itaque ducimus. Voluptas cum numquam qui soluta in aspernatur. Voluptatibus odit placeat aut vero nesciunt. Voluptatem provident aliquam dolores tempora rerum consequatur voluptas.','dolorem','80211',NULL,'2016-03-16 00:11:41','2012-04-28 20:09:40'),
('19','19','19','Eveniet nostrum minus omnis quia officiis non et. Beatae atque quod est soluta enim. Sit non magni itaque aliquam deleniti. Dolorem dolorem eum sint rerum.','ea','9456',NULL,'2013-04-01 17:19:32','2006-01-21 15:29:22'),
('20','20','20','Molestiae itaque numquam consequatur ut labore et. Provident est rerum excepturi architecto repellendus tempore aut quo.','quibusdam','0',NULL,'1973-10-09 05:34:57','1982-01-21 12:18:55'),
('21','21','21','Quia qui excepturi voluptatem error repellendus. Dolorem rem et et voluptatum odio praesentium deleniti inventore. Tempore omnis illum corrupti. Eius debitis magnam nemo quisquam mollitia soluta distinctio enim.','esse','49543733',NULL,'1972-07-07 20:05:30','1990-11-07 00:14:32'),
('22','22','22','Dolores non sed reiciendis omnis officiis quis. Omnis quasi natus architecto neque eligendi non. Qui dolorem laudantium veritatis corporis quod sit ipsum. Dolor aut nemo veritatis labore alias.','molestiae','49448',NULL,'1981-01-30 23:53:47','1988-06-01 04:36:15'),
('23','23','23','In minima maiores debitis omnis libero. Exercitationem ut voluptas aut doloribus excepturi aspernatur error. Illum itaque error ut aliquam quam quae. Voluptas at modi consequatur aut quia debitis.','fugiat','2',NULL,'2002-02-28 22:53:05','2019-01-14 10:16:46'),
('24','24','24','Assumenda provident qui et occaecati. Incidunt dolorum a est est est. Ab voluptatum sequi veniam qui sed ipsam.','molestias','0',NULL,'1994-07-25 20:35:52','2017-03-26 11:36:28'),
('25','25','25','Voluptatum et autem perferendis id id. Suscipit debitis nihil libero in. Amet saepe eius rem omnis. Fugiat sint accusamus earum quia.','odit','63881783',NULL,'2006-07-11 08:38:45','1996-09-24 07:54:52'),
('26','26','26','Qui vel ut doloremque consequatur architecto. Odio labore accusamus voluptates veniam aut magnam. Ratione sed dolorem ea ut reprehenderit ut eaque. Nulla minima eum sed eaque blanditiis voluptas.','voluptatem','77',NULL,'1979-12-10 16:56:03','2008-10-15 01:39:15'),
('27','27','27','Aut saepe laudantium nam dicta eveniet enim nesciunt. Et non rem maxime molestiae vero suscipit. Officia rerum architecto ut quo quas quam.','porro','4432',NULL,'1976-09-30 17:16:39','1986-03-15 00:32:29'),
('28','28','28','Maiores et pariatur praesentium. Et beatae ad ut facere. Est fugiat atque placeat est possimus nesciunt.','fugiat','96544122',NULL,'1993-11-04 00:23:11','2011-05-14 03:40:51'),
('29','29','29','In repellendus molestiae officia qui ab aspernatur. Velit est qui eligendi commodi. Iste quaerat dolores rerum rerum ipsum rerum provident.','eligendi','23',NULL,'2001-03-20 05:41:08','1980-08-04 12:06:14'),
('30','30','30','Aut aut necessitatibus et animi eos in. Aut et debitis pariatur consequatur earum quidem. Labore animi cum unde explicabo dolorem in alias.','accusamus','300902',NULL,'2015-04-13 12:55:37','1988-07-11 14:07:13'),
('31','31','31','Rerum nihil dolores ut. Id excepturi suscipit nulla aut sunt non fugit. Itaque repellendus facere occaecati culpa omnis nihil quis quia.','libero','7',NULL,'1999-08-10 16:43:32','1973-07-03 07:55:57'),
('32','32','32','Animi aspernatur maiores id cupiditate sint fugiat. Odio molestiae quo illo cum et quia. Est dolor qui itaque qui facere.','quod','249396298',NULL,'2008-07-16 21:16:37','2003-06-03 08:00:36'),
('33','33','33','Non et deserunt est sint qui. Voluptate quo sunt id soluta quasi consequatur. Sint nihil at omnis veniam placeat voluptatibus. Eum quisquam qui minima quis vel cumque.','molestias','963033',NULL,'1997-08-19 03:11:01','2015-10-20 09:13:09'),
('34','34','34','Ut est ipsam quo culpa est temporibus eos tenetur. Ex quia laboriosam delectus odit beatae rerum et. Qui debitis autem ullam est et. Quidem cupiditate quae consequatur magnam quae voluptatibus provident officia.','est','42095',NULL,'1979-09-04 13:01:20','2001-04-09 21:24:37'),
('35','35','35','Voluptatibus quia quia sunt ipsam in assumenda. Enim laborum sapiente officia voluptates consequatur saepe. Dolor rerum nesciunt quaerat distinctio.','vel','495',NULL,'1973-02-09 17:23:47','1982-04-17 12:44:54'),
('36','36','36','Maiores distinctio quos aut tempore et. Et sunt sed eum quia ea repellendus. Labore quod dolores atque.','voluptatem','0',NULL,'1987-07-23 14:22:18','1984-04-08 04:48:56'),
('37','37','37','Necessitatibus laudantium dolores voluptatem rerum fugit. Unde totam delectus qui earum aperiam. Dolor est vero exercitationem iure quis blanditiis necessitatibus. Iste odio suscipit aut magni quia vel. Sit et ipsam mollitia iure molestias.','nam','0',NULL,'1976-06-22 08:51:24','2014-05-19 21:47:33'),
('38','38','38','Enim ut id vero eius ut earum nesciunt dolorem. Temporibus corporis in consequatur itaque. Omnis dolores dolorum ipsa occaecati. Et reiciendis quis et totam.','libero','0',NULL,'2007-11-06 07:01:47','1999-03-29 03:43:18'),
('39','39','39','Enim explicabo earum minus similique voluptate. Perspiciatis quas quia aut aut vel accusamus iure.','nisi','3193',NULL,'2003-05-21 04:20:22','1971-02-02 02:23:17'),
('40','40','40','Similique tempora minima provident neque est voluptas eius. Non nemo numquam voluptatem et alias. Mollitia occaecati ut perspiciatis eum quia.','reiciendis','243351',NULL,'1983-10-16 14:59:34','1995-04-16 10:10:07'),
('41','41','41','Dolorem dolores ut consectetur quaerat repudiandae et. Quia unde adipisci dicta id minus. Assumenda et rerum atque. Et sunt occaecati modi sunt soluta sequi rerum.','aut','0',NULL,'1993-11-04 06:11:12','1981-04-16 06:06:37'),
('42','42','42','Minima qui aut tenetur blanditiis dolores. Non excepturi reiciendis numquam corporis. Necessitatibus quasi sint ut sunt eligendi dolorum expedita atque.','laboriosam','8',NULL,'1972-05-21 22:01:44','1983-01-22 03:44:01'),
('43','43','43','Quis est et nesciunt cumque mollitia. Earum sequi veritatis mollitia ullam fugit quia. Ducimus sit et quia. Perferendis quae excepturi esse sunt consectetur velit.','atque','398',NULL,'1970-09-06 06:54:13','1998-10-19 04:33:07'),
('44','44','44','Autem quaerat ex itaque. Pariatur ut voluptatem necessitatibus ea doloremque vitae. Non occaecati soluta et a vitae rerum. Est optio voluptas cum reprehenderit velit accusamus.','ab','5546',NULL,'1970-10-26 05:01:23','2001-03-03 07:58:42'),
('45','45','45','Ratione soluta libero exercitationem vel mollitia et. Rem cupiditate reiciendis delectus odit. Exercitationem deserunt voluptatem voluptatum dolores ut aperiam quaerat.','voluptatem','5578',NULL,'1992-12-19 18:20:09','2019-09-24 07:24:45'),
('46','46','46','Voluptatem facilis ut consequatur ad numquam doloremque. Ut veniam dignissimos tempora possimus enim. Omnis eum enim aliquam libero voluptate saepe. Saepe numquam est ut.','nobis','4739',NULL,'1988-07-29 21:15:06','1971-01-05 20:56:52'),
('47','47','47','Dolor nam ullam repellat voluptatibus iste. Eveniet quos sit voluptatum saepe est aut. Voluptas quo eum earum ab itaque est. Odit rerum et vero laborum rerum.','temporibus','73226',NULL,'2011-08-04 18:34:01','2019-01-07 13:55:11'),
('48','48','48','Hic soluta quo sint. Ab distinctio omnis delectus debitis molestiae ea est. Corporis eos aperiam deleniti alias repellat optio veniam.','doloribus','9018689',NULL,'1983-11-11 11:13:42','1979-05-06 09:32:47'),
('49','49','49','Sed magnam aut architecto ratione. Id natus nemo odio. Architecto eius at officia et ea fugiat molestias. Non in aut et quisquam hic iure esse voluptas.','dolorum','22665626',NULL,'1970-04-21 06:52:09','1989-04-18 20:44:37'),
('50','50','50','Animi dicta ut recusandae et iusto magni ea. Voluptas beatae dolores est eaque voluptas quam. Enim aut omnis nihil veritatis vel impedit voluptatum.','vel','36',NULL,'1992-05-25 04:11:48','1988-09-02 14:07:30'),
('51','51','51','Nihil provident rem adipisci. Consectetur similique molestiae quo. Qui placeat minima ut tenetur cupiditate. Iusto amet sit voluptas perspiciatis expedita veritatis inventore. Similique debitis sit voluptates nisi omnis.','expedita','55460',NULL,'1975-03-12 06:31:25','2001-03-10 00:27:58'),
('52','52','52','Ducimus in ut voluptas corporis eos aut. Quas repellendus dolorem distinctio aliquid. Omnis hic aut et.','dolorem','228197990',NULL,'2017-03-23 02:43:30','1990-08-05 11:12:10'),
('53','53','53','Eaque itaque facilis ut iusto id. Illum aut atque quisquam autem deleniti. Dolores iure rerum et et et. Quam adipisci et ut aut labore.','natus','88993080',NULL,'2005-05-25 17:51:20','2007-01-20 12:49:40'),
('54','54','54','Soluta ipsum quod corporis ea. Deleniti itaque labore nam. Exercitationem sint reprehenderit similique praesentium soluta ipsa reiciendis. Eos ullam et voluptatem ipsa quaerat exercitationem quisquam.','ipsam','196219305',NULL,'2001-03-29 10:50:22','2017-11-14 01:23:30'),
('55','55','55','Sit consequatur voluptatem minus tempora omnis. Et quam eaque qui. Vero quam est ut sequi dolore.','accusantium','303583',NULL,'2009-08-31 21:19:55','1984-03-18 06:00:51'),
('56','56','56','Sit qui recusandae aliquid nulla. Fuga aperiam officia voluptatem nulla quis tempora fugiat nam. Vitae omnis beatae id omnis.','sunt','202530213',NULL,'2014-12-15 22:36:37','1976-08-02 21:08:06'),
('57','57','57','Accusamus et ad recusandae inventore ab autem. In quia debitis quis. Est assumenda magnam quia laudantium dignissimos praesentium. Sed voluptates iste non saepe.','facilis','784371',NULL,'2006-07-26 11:15:51','2017-05-28 06:47:12'),
('58','58','58','Impedit inventore iste facere beatae sunt. Quo vitae est dolor nesciunt amet cum. Cum odit corporis sapiente voluptatem cumque. Molestiae ut laudantium est.','sint','7275821',NULL,'1990-05-15 17:31:23','2008-08-16 10:32:39'),
('59','59','59','Soluta perferendis eos nihil. Facere officia vitae vel nihil et. Esse et numquam error.','perspiciatis','7',NULL,'1971-12-14 23:24:05','2017-07-13 23:56:43'),
('60','60','60','Sunt placeat consectetur sint et. Ullam et rerum quae nesciunt. Molestias asperiores consequuntur nulla nisi cupiditate in. Ut asperiores quia consequatur repudiandae.','ut','514',NULL,'1987-06-18 20:42:42','2013-10-08 16:50:23'),
('61','61','61','Et sit ex rerum illo iure. Voluptas expedita porro impedit et odio pariatur est. Magnam et fugit saepe aut. Aliquam nisi aut id quo maiores aut est ipsam.','vitae','6821525',NULL,'1982-04-02 17:22:41','1997-02-08 16:46:47'),
('62','62','62','Sit ut non est eos amet sit. Vel ratione a ex id deserunt sapiente corporis. Qui aut quisquam deleniti voluptatem alias qui. Et alias eos labore rerum autem non qui.','corporis','60481067',NULL,'2017-11-24 00:12:21','1981-09-23 01:32:16'),
('63','63','63','Perferendis sequi labore sunt a. Consequatur corrupti praesentium neque. Fugiat ab nihil voluptas a atque et ea a. Dolorem nihil repellendus tenetur quis.','aut','0',NULL,'1995-06-24 03:42:07','1997-10-20 02:01:34'),
('64','64','64','Quae et veniam assumenda quaerat vel inventore. Dolore animi ut possimus quia. Ea sint inventore ad consequatur consequatur. Rerum aut et nulla odit est similique.','praesentium','267961852',NULL,'2012-09-08 10:05:39','1988-01-12 05:57:48'),
('65','65','65','Deleniti voluptatem quia libero dignissimos ut. Necessitatibus tenetur placeat dolorum voluptatem vel neque eos veritatis. Excepturi voluptate id et quaerat sed qui accusantium.','expedita','541842',NULL,'2008-01-07 12:42:02','2003-12-30 09:58:12'),
('66','66','66','Fugiat alias quibusdam beatae. Fuga libero temporibus ea facere corrupti. Qui labore quibusdam fugit dolores placeat doloremque.','iste','668777867',NULL,'1979-08-15 21:08:00','1988-09-16 13:38:24'),
('67','67','67','Quae non qui impedit natus cum. Sed illum delectus eligendi dolores iste. Rem ut pariatur maxime nemo.','alias','1824398',NULL,'1973-06-29 21:34:30','2018-03-28 05:45:28'),
('68','68','68','Nam nihil est ut praesentium quasi. Adipisci impedit dolore iste illum quia autem. Qui asperiores qui excepturi laborum sequi odio. Architecto non officia velit sint.','et','883596',NULL,'2012-01-11 05:48:14','1984-09-04 13:46:45'),
('69','69','69','Ab ut impedit et molestias amet aliquid delectus aut. Est et eum debitis architecto omnis deleniti. Sequi voluptatem voluptas dolorum in. Est rerum corporis est voluptates enim alias omnis quam.','ut','53056696',NULL,'2018-05-20 20:49:53','2001-06-28 21:26:54'),
('70','70','70','Ducimus et qui sed enim quod voluptas rerum et. In alias sint amet. Dolores aut optio esse. Velit magni iusto ipsam.','in','79',NULL,'1974-09-21 17:57:50','1977-07-21 01:39:17'),
('71','71','71','Perferendis sit sint illo repellat eos est. Sint sint est velit repudiandae quae quia vel. Laboriosam dolorem sint praesentium id fugit.','cupiditate','2030',NULL,'1971-02-01 23:43:07','1986-03-14 04:13:49'),
('72','72','72','Ea sit quia vel sint eos. Assumenda rerum voluptatem voluptas odio corrupti et autem qui. Excepturi quia voluptatibus rerum excepturi tempora.','vero','311515003',NULL,'2010-12-15 11:00:51','2018-06-04 17:18:36'),
('73','73','73','Ullam sed sed sunt reprehenderit qui perferendis excepturi maxime. Sit alias illum aut qui ut cupiditate. Natus aut nemo officia aliquid. Facilis qui maxime sint repudiandae eum totam minima.','illum','1',NULL,'1983-10-19 06:29:34','2009-06-29 22:01:43'),
('74','74','74','Facilis quia aut quae qui alias cum. Dignissimos quia voluptas odio recusandae voluptatem pariatur. Sit blanditiis praesentium delectus architecto et unde cumque.','animi','70767',NULL,'1991-07-30 04:08:25','1999-12-07 08:38:10'),
('75','75','75','Eum sequi voluptates omnis ut omnis voluptatem. Quo corrupti qui quam quis. Ab aut dolor laborum. A labore corrupti magni ut.','doloribus','35706492',NULL,'1972-12-12 09:46:06','2014-09-08 17:06:10'),
('76','76','76','Quia perspiciatis sit ab aut error. Id tempore commodi suscipit. Cumque repudiandae sunt sed odio sit.','quasi','72116443',NULL,'1992-03-12 14:55:34','2015-06-04 15:25:19'),
('77','77','77','Delectus quibusdam labore id eos. Repudiandae omnis ducimus sit sit.','odio','37444709',NULL,'2012-03-10 09:25:32','1989-08-25 01:14:25'),
('78','78','78','Doloremque aperiam molestias et. In sed et et qui eos nisi enim est. Aspernatur voluptatum voluptate qui ut et et.','sit','863',NULL,'2015-06-14 11:26:19','2019-04-25 10:07:54'),
('79','79','79','Iusto ea in rerum voluptas quia voluptas dicta. Porro similique rerum molestiae maiores assumenda veritatis error. Vero eum hic in quis et ipsum. Deserunt quos voluptate cum et deserunt.','omnis','384274',NULL,'1982-08-26 21:04:55','2015-01-06 14:52:46'),
('80','80','80','Vero omnis libero eos et sapiente magni quidem qui. Excepturi totam quibusdam fugiat eius quasi ut. Adipisci suscipit quia corporis et enim voluptatem unde voluptatem. Et aut voluptates ratione saepe accusamus.','exercitationem','2527',NULL,'1971-04-03 03:07:08','1990-05-11 16:29:09'),
('81','81','81','Ea quisquam natus quisquam vitae porro et deserunt quia. Eos illo iste consectetur dolore nostrum neque. Est et possimus aperiam consequuntur repellat. Molestiae optio quo necessitatibus sit voluptatem rerum officia.','reprehenderit','907089010',NULL,'1991-05-06 11:24:57','2007-10-27 16:16:58'),
('82','82','82','Voluptatum occaecati molestias molestiae atque praesentium. Possimus nobis dolore magnam odit ratione. Vel molestias sequi molestias nostrum labore officiis qui. Minima odit molestias voluptatem.','facere','8621539',NULL,'1983-03-25 22:46:57','1994-01-31 19:30:54'),
('83','83','83','Id eos tempore aut atque officia sed dolor aspernatur. Assumenda rerum cum ut. Consectetur consequatur officia tempora deserunt enim maiores.','nobis','81',NULL,'1984-01-08 19:06:33','2004-08-28 07:41:44'),
('84','84','84','Rem dolores veritatis mollitia minima molestiae nesciunt quam. Enim rerum ea recusandae omnis qui non. Deleniti aut vel quod nisi minus. Sunt qui aut illum eligendi aut architecto reprehenderit magni.','sunt','0',NULL,'1971-09-13 16:19:03','2002-01-23 06:00:32'),
('85','85','85','Qui eum deleniti dolorum possimus hic a. Quia et dolor culpa nobis aliquid laboriosam. Dignissimos incidunt similique provident repudiandae corporis similique dolores. Est quasi delectus magni et rem necessitatibus.','autem','8300741',NULL,'1975-03-04 19:59:54','2006-03-19 01:56:44'),
('86','86','86','Consequatur iste adipisci autem corporis velit dolores. Facilis est alias reprehenderit repellat iure optio nulla sunt. Sed laborum nihil earum ea est.','sed','0',NULL,'1990-05-08 17:34:48','2016-06-10 19:55:53'),
('87','87','87','Aut quis eius repudiandae quia ipsam perferendis maxime et. Tempore velit vero vitae ut est voluptatibus sapiente. Blanditiis et aut laborum non quam consequatur voluptatibus.','tenetur','0',NULL,'2019-02-27 08:28:18','2017-05-15 09:11:08'),
('88','88','88','Nam est blanditiis dolor. Est nobis voluptas eligendi distinctio. Facilis maxime qui optio temporibus numquam officia.','animi','743482400',NULL,'2003-06-23 06:00:09','2002-08-07 13:10:13'),
('89','89','89','Est laudantium maiores molestiae veniam. In est sint non doloremque. Et officia velit dolorem laudantium.','reiciendis','9',NULL,'1976-04-14 14:45:30','2000-03-15 19:20:36'),
('90','90','90','Qui id quibusdam at rerum. Qui facilis ex voluptate nisi magnam. Ipsa a non in quidem ex. Eaque vel aliquid quae unde officia dolorem illum.','et','368415',NULL,'1993-02-23 19:39:38','2001-10-01 05:01:00'),
('91','91','91','Nobis sequi aut eos dolorem tempora. Et quasi eveniet ut perspiciatis ratione provident tempore dolores. Accusantium et similique et labore.','deleniti','64686598',NULL,'2001-07-23 12:13:11','1995-02-10 10:14:49'),
('92','92','92','Accusantium voluptas amet iure quas qui. Non odit officiis ipsa dolor quasi exercitationem voluptatem consequatur. Inventore ut autem eum qui ducimus commodi et.','non','0',NULL,'2019-10-18 01:47:49','2011-03-31 03:42:43'),
('93','93','93','Aspernatur fugit dolores repudiandae cum voluptatem et. Quis officiis sed qui et eius vel laborum. Quod sed et dicta magni.','quasi','7',NULL,'2004-08-16 18:42:34','2009-05-24 08:31:02'),
('94','94','94','Excepturi exercitationem quibusdam veniam accusantium tenetur. Ullam dolorum amet et voluptatum id adipisci consequuntur. Et ad facere et fugiat ex aut repellat. Repudiandae minima ut facilis omnis et est. Ducimus sint modi autem aliquam dolorem commodi.','natus','9405',NULL,'1972-12-17 18:57:25','1970-05-03 08:07:19'),
('95','95','95','Ducimus voluptatem eveniet dolor et impedit sed et. Cumque aut beatae temporibus fuga officiis et voluptas. Facere numquam quidem consequatur quidem et ab.','facilis','1',NULL,'1970-03-07 11:43:06','2008-04-06 23:22:56'),
('96','96','96','Labore magnam eos facere ut. Alias est nobis ipsum nihil est. Error veritatis tempora sapiente labore accusantium deleniti.','eos','303160085',NULL,'1982-04-26 09:28:58','2000-01-25 17:37:32'),
('97','97','97','Consequatur omnis a nobis libero sit et. Sed quia magni rem inventore consequatur et. Ea veniam fugit ut possimus quos. Ut consequuntur ratione sed animi excepturi.','labore','51',NULL,'2013-06-11 08:06:37','1978-10-08 17:42:54'),
('98','98','98','Reprehenderit libero et est commodi ratione. Nulla tenetur vero eveniet qui quos temporibus. Nihil ipsam ut quo eius eos.','suscipit','416107763',NULL,'1978-08-26 18:34:42','1998-07-11 02:09:50'),
('99','99','99','Aut dignissimos sequi qui consequatur ut est doloribus. Eaque voluptatem eveniet totam. Veniam et labore odit non soluta ipsum.','non','1834',NULL,'1978-02-16 18:05:50','2002-05-12 01:24:42'),
('100','100','100','Voluptas molestiae et quam quos molestiae in. Eveniet reprehenderit mollitia perferendis. Similique id voluptatum beatae quas. Eaque repellat eius omnis explicabo ut consequatur labore.','nisi','446649',NULL,'2006-02-06 11:23:10','2003-11-16 17:10:55'); 


DROP TABLE IF EXISTS `media_types`;
CREATE TABLE `media_types` (
  `id` bigint(20) unsigned NOT NULL AUTO_INCREMENT,
  `name` varchar(255) COLLATE utf8_unicode_ci DEFAULT NULL,
  `created_at` datetime DEFAULT current_timestamp(),
  `updated_at` datetime DEFAULT current_timestamp() ON UPDATE current_timestamp(),
  PRIMARY KEY (`id`)
) ENGINE=InnoDB AUTO_INCREMENT=101 DEFAULT CHARSET=utf8 COLLATE=utf8_unicode_ci;

INSERT INTO `media_types` VALUES ('1','soluta','2006-03-12 16:26:55','2002-05-02 17:12:53'),
('2','ipsam','1990-10-20 15:38:47','2000-05-03 04:58:53'),
('3','quia','2007-03-17 08:53:33','1998-07-26 00:10:09'),
('4','voluptatem','1988-07-20 21:30:57','2001-11-16 20:55:19'),
('5','harum','1984-08-22 11:16:07','2014-06-14 06:59:18'),
('6','sint','1985-06-28 23:24:55','1980-11-06 13:28:29'),
('7','fuga','2010-04-22 23:46:28','1976-11-02 05:44:43'),
('8','ducimus','1970-02-04 14:10:49','2004-01-18 14:33:26'),
('9','eos','1990-01-17 15:02:15','2006-08-15 07:01:14'),
('10','qui','2007-10-28 02:36:53','1988-06-04 14:23:35'),
('11','voluptatem','1996-11-23 17:48:02','1995-09-27 05:10:19'),
('12','ab','1994-03-13 07:51:59','1972-07-13 17:59:54'),
('13','aut','1998-11-07 00:09:29','1981-12-09 20:48:30'),
('14','sit','1990-10-31 03:33:09','2011-09-08 20:32:47'),
('15','in','2019-03-29 22:15:48','1973-07-24 22:57:02'),
('16','est','1998-09-22 09:37:54','1986-07-18 14:30:49'),
('17','ipsum','1973-08-06 03:34:49','1985-03-31 01:57:18'),
('18','id','1972-09-20 00:42:38','2008-03-31 08:01:21'),
('19','est','2003-09-04 23:35:29','1983-10-19 07:00:56'),
('20','quas','1997-12-09 20:15:56','1973-01-31 02:32:01'),
('21','quis','1985-08-09 10:38:01','1995-11-28 08:06:51'),
('22','nesciunt','2004-04-19 09:47:51','1992-04-07 05:18:07'),
('23','numquam','1973-07-21 10:13:51','2018-04-02 19:01:22'),
('24','aliquam','2016-04-12 01:29:10','2004-10-27 18:37:28'),
('25','repellat','1998-02-15 00:48:48','1975-01-03 16:53:38'),
('26','a','1990-05-25 02:05:07','1971-10-11 19:17:11'),
('27','qui','2005-12-15 03:32:49','1975-12-12 17:34:46'),
('28','tenetur','1984-06-15 05:20:06','2001-04-15 01:26:35'),
('29','magnam','1994-05-29 19:36:23','1974-02-01 07:03:57'),
('30','ullam','1979-07-26 01:29:29','1989-05-12 20:21:55'),
('31','dolor','1999-06-15 09:34:57','1981-12-26 12:27:10'),
('32','accusantium','1981-11-03 11:45:52','1992-11-10 10:09:48'),
('33','tempore','2000-10-02 21:46:27','1986-12-15 13:05:26'),
('34','dolores','2012-06-11 16:36:00','2014-08-01 01:50:35'),
('35','officiis','1977-05-05 23:55:39','2015-10-12 03:24:55'),
('36','porro','1974-01-17 03:47:44','2005-05-26 04:49:42'),
('37','quaerat','2002-02-26 04:06:50','2001-01-20 10:19:54'),
('38','aperiam','1980-08-28 14:42:41','2012-05-07 16:17:29'),
('39','sunt','2019-12-14 01:35:12','1978-09-15 05:34:31'),
('40','voluptate','1971-12-10 01:13:04','1985-09-10 07:09:49'),
('41','magni','2008-05-25 22:13:15','2009-01-05 13:48:25'),
('42','ea','2016-03-03 07:09:03','1999-08-08 04:00:26'),
('43','cum','2010-07-27 03:15:18','1975-12-29 18:36:44'),
('44','pariatur','1979-09-28 05:14:11','2005-11-05 19:46:06'),
('45','voluptatibus','2001-07-18 22:09:39','1986-02-05 00:02:03'),
('46','quisquam','2003-05-30 14:39:31','1970-07-31 14:27:30'),
('47','magnam','1993-08-13 14:30:31','2007-03-26 05:04:12'),
('48','libero','1998-11-12 17:31:14','1992-05-23 14:17:59'),
('49','vel','1981-02-15 00:29:13','1974-02-03 13:53:23'),
('50','nulla','2018-12-30 03:02:27','1988-09-10 02:29:20'),
('51','repudiandae','2009-12-17 15:47:55','1972-01-01 10:43:00'),
('52','praesentium','1982-01-23 19:05:23','2009-12-19 01:37:49'),
('53','vero','2004-01-06 19:58:35','1980-01-16 07:24:41'),
('54','aut','1971-09-30 22:33:27','1983-05-18 04:56:12'),
('55','totam','1983-08-12 21:42:44','1989-09-11 17:38:36'),
('56','neque','1990-01-10 04:27:10','2015-01-28 13:28:30'),
('57','quibusdam','1989-12-01 01:52:36','1971-10-01 19:02:22'),
('58','quasi','1998-04-08 10:58:51','1996-05-15 17:10:13'),
('59','fuga','1983-08-24 09:14:22','1992-12-25 07:24:24'),
('60','cupiditate','1977-05-15 19:34:25','1977-03-27 18:53:06'),
('61','ipsa','1988-12-13 10:28:17','2014-05-19 20:06:18'),
('62','aut','2001-12-03 12:50:33','2000-07-20 00:47:17'),
('63','qui','2008-02-22 12:52:34','1992-04-12 17:47:26'),
('64','vero','2013-11-03 02:18:31','2018-02-03 11:51:31'),
('65','iusto','1982-12-16 02:23:27','2017-01-09 13:35:21'),
('66','consequatur','2015-03-31 04:20:49','2009-02-03 17:41:35'),
('67','aliquam','1995-11-10 10:41:21','1971-10-22 08:10:02'),
('68','autem','1989-07-27 14:12:43','1985-01-31 16:08:57'),
('69','quasi','1979-10-03 15:02:58','2005-02-20 08:01:33'),
('70','molestiae','2008-04-02 17:57:48','1982-02-21 11:04:49'),
('71','quae','1989-05-04 07:25:16','1999-10-17 01:10:36'),
('72','doloribus','2005-11-01 01:54:18','1971-02-21 05:39:21'),
('73','quia','1996-09-30 09:37:12','1985-07-26 21:44:24'),
('74','iusto','2013-05-11 00:44:31','2004-12-08 23:01:57'),
('75','fugit','1976-11-15 15:48:01','1974-10-12 05:20:40'),
('76','dignissimos','2013-02-14 16:18:17','1987-05-26 11:33:43'),
('77','perspiciatis','1979-04-28 07:26:57','1987-12-04 15:51:42'),
('78','est','1980-10-22 10:33:28','1999-06-02 02:40:34'),
('79','error','2017-02-18 21:22:17','2006-02-05 04:15:32'),
('80','voluptatem','2011-02-09 11:50:34','1976-06-26 02:45:56'),
('81','vel','1984-12-26 03:24:51','1978-06-03 02:00:06'),
('82','nulla','1997-07-04 18:49:27','2018-03-16 09:28:44'),
('83','aspernatur','2012-06-26 10:13:21','2013-04-20 08:26:58'),
('84','incidunt','2016-09-06 18:01:25','1994-09-03 19:32:53'),
('85','voluptas','1996-08-27 03:39:35','2004-04-28 02:58:44'),
('86','eum','1970-11-19 11:26:03','1992-12-18 00:45:11'),
('87','officia','2017-08-08 07:51:25','1980-04-17 06:17:48'),
('88','ratione','2005-09-15 17:37:24','2019-05-29 16:19:28'),
('89','animi','1984-02-11 22:53:22','2012-12-01 14:44:19'),
('90','excepturi','1983-02-15 11:30:43','1986-05-26 12:04:22'),
('91','dolorem','2009-10-05 06:36:48','2009-12-21 12:22:10'),
('92','sint','1991-03-25 19:51:52','1975-04-07 14:00:26'),
('93','et','2014-08-07 01:34:58','1989-07-29 05:51:42'),
('94','minima','2012-03-26 09:41:36','1999-01-04 12:03:17'),
('95','eligendi','2016-07-26 20:09:37','1981-06-07 15:38:07'),
('96','aperiam','2009-02-27 08:00:12','2010-06-03 20:57:39'),
('97','porro','2008-11-19 14:05:54','1977-12-25 21:07:09'),
('98','libero','1974-09-03 22:06:45','1992-09-02 17:02:01'),
('99','dolor','1999-01-06 04:22:23','2011-08-05 02:20:43'),
('100','earum','2011-01-06 18:47:59','1993-12-27 02:14:40'); 


DROP TABLE IF EXISTS `messages`;
CREATE TABLE `messages` (
  `id` bigint(20) unsigned NOT NULL AUTO_INCREMENT,
  `from_user_id` bigint(20) unsigned NOT NULL,
  `to_user_id` bigint(20) unsigned NOT NULL,
  `body` text COLLATE utf8_unicode_ci DEFAULT NULL,
  `created_at` datetime DEFAULT current_timestamp(),
  PRIMARY KEY (`id`),
  KEY `from_user_id` (`from_user_id`),
  KEY `to_user_id` (`to_user_id`),
  CONSTRAINT `messages_ibfk_1` FOREIGN KEY (`from_user_id`) REFERENCES `users` (`id`),
  CONSTRAINT `messages_ibfk_2` FOREIGN KEY (`to_user_id`) REFERENCES `users` (`id`)
) ENGINE=InnoDB AUTO_INCREMENT=201 DEFAULT CHARSET=utf8 COLLATE=utf8_unicode_ci;

INSERT INTO `messages` VALUES ('101','7','2','Qui unde expedita consequatur velit quo. Sit voluptate accusantium quis nisi numquam consequatur sed. Iste temporibus laborum quos deserunt quibusdam.','2013-05-26 22:21:03'),
('102','2','7','Amet assumenda qui quis tempore. Sed eos ut est itaque eos vel. Beatae voluptates nihil quae aut. Doloremque quia in et ad aut.','1980-09-04 22:25:45'),
('106','6','8','Occaecati perferendis iusto dolorum rerum earum est a. Esse aut ipsum laboriosam cumque. Quia suscipit omnis nulla sed molestiae corporis. Rerum incidunt vitae modi maxime possimus cumque eaque. Officia molestiae reiciendis veniam quia.','2015-01-12 01:23:43'),
('107','7','3','Rem quia sit sint tenetur qui tempora. Suscipit velit laborum enim libero velit consequatur. Consequatur ea dolores mollitia id expedita eos praesentium.','1974-04-10 11:51:29'),
('108','2','5','Accusamus et maiores dolor debitis consequatur reiciendis. Perferendis laborum cumque aut assumenda. Odio et doloremque dolores sint perspiciatis quae vel rerum.','2008-11-05 03:12:54'),
('109','5','3','Aut atque quam impedit aut. Et illo a enim aut nihil. Ducimus recusandae eaque ut illo sequi rem inventore maiores.','2008-02-29 03:07:47'),
('110','5','7','Fuga et vel ratione voluptate non et est. Ducimus animi est reprehenderit aut. Ex labore provident sint commodi. Amet tempora ad voluptate molestiae ut molestiae voluptatum.','1972-05-19 15:06:25'),
('111','9','2','Sint vitae velit atque non omnis reiciendis consectetur. Id incidunt nobis molestias illum voluptas facere. Eos vel voluptas est dolores.','1981-02-08 09:22:48'),
('112','8','8','Quibusdam libero eligendi quae quod consectetur velit. Eum alias repellendus similique. Voluptate soluta enim sit et est enim. Voluptatibus voluptatem rem nemo omnis sed.','1994-11-07 09:21:55'),
('114','4','1','Et nesciunt sed veritatis tempora autem repudiandae. Qui vel dolorem sint. Qui accusantium perferendis qui expedita.','1984-09-29 21:59:09'),
('116','7','5','Sint magni tempora enim laudantium mollitia velit enim. Voluptas consequuntur reprehenderit velit suscipit quo. Cumque a consequatur a. Veniam similique sequi non est quis inventore.','1985-07-29 05:58:21'),
('117','4','7','Veritatis laborum sed error et dolores. Expedita reprehenderit modi distinctio inventore voluptate exercitationem accusamus nihil. Iure totam ea distinctio illum corrupti. Omnis eligendi blanditiis est dolor.','2003-03-10 09:13:59'),
('118','4','2','Quia beatae ea eum nemo ullam consequuntur est. Dolores aut ipsa eos rerum ut debitis. Dolorum debitis aspernatur et. Eius sunt quas dolorum sed porro.','2010-12-11 12:59:03'),
('119','6','2','Iusto nihil et ut voluptatum saepe harum consequatur. Fuga qui veritatis molestiae fuga amet distinctio.','2002-04-10 13:36:03'),
('120','3','3','Est delectus dolores temporibus vel. Ut est et necessitatibus ut. Sit animi corrupti autem hic voluptatem odio. Voluptatem quasi explicabo qui unde.','1980-06-13 20:18:00'),
('121','2','5','Est ut id incidunt. Quas corporis veniam placeat ut beatae.','2007-12-03 23:27:20'),
('122','1','2','Fuga nam quia architecto dolorem esse sed atque. Nisi minus dolores animi aut aut. Esse ea est dignissimos doloribus. Doloribus ut tenetur est eos delectus minima est. Nam enim in maiores modi.','1987-09-07 23:03:19'),
('123','2','1','Assumenda est quia distinctio eum ducimus labore et. Vitae corporis voluptate placeat sint velit molestiae velit numquam. Aut quae hic ut accusantium. Est possimus optio soluta inventore magnam.','1986-07-22 17:26:21'),
('124','7','9','Eaque numquam quas eveniet distinctio totam magni. Impedit ex et consectetur harum. Et sunt delectus dignissimos molestiae reprehenderit porro. Nihil reiciendis nisi reiciendis distinctio. Magni corporis dolor similique culpa aut saepe.','1996-01-06 15:21:45'),
('125','1','6','Quaerat numquam nihil inventore sed fugit eos sunt qui. Libero numquam quaerat et. Excepturi enim beatae velit ab et assumenda vitae. Consequatur possimus non maxime.','1970-01-14 20:59:09'),
('126','6','4','Sed ut debitis sunt. Architecto explicabo excepturi libero doloremque placeat cum. Numquam voluptatem sunt consectetur numquam sit aut itaque. Eligendi eligendi velit reprehenderit ipsam aut.','1987-05-02 20:22:52'),
('128','8','7','Atque repellat consectetur velit architecto. Ut deserunt ut ad tempore iste ut quisquam. Veniam eaque natus ut alias inventore. Aut mollitia consequuntur eveniet aut illum deleniti. Et impedit pariatur at hic ea dolores.','2000-06-14 12:07:57'),
('130','1','8','Inventore tenetur minima quos animi. Qui maiores nihil nihil. Et asperiores dolorem aut cupiditate.','2016-05-27 13:30:32'),
('131','8','2','In molestiae excepturi occaecati voluptatem exercitationem veniam. Voluptatem qui rerum vitae voluptas vel aliquam et ad. Cum culpa ut vitae esse consequatur voluptas rerum illo.','2003-12-31 04:09:09'),
('132','1','7','Vitae rem vitae alias numquam. Dolore est rerum vero et architecto quasi porro. Dolores vitae et recusandae architecto vel. Molestiae rerum et cumque eum.','2018-06-06 03:09:47'),
('133','9','3','Quasi est cumque exercitationem tempore exercitationem. Ipsa eum voluptates quia rerum maiores consequatur. Tempore eos dolorem veniam. Dolores maiores aperiam pariatur quod.','2016-12-17 16:28:04'),
('134','5','7','Repudiandae esse delectus fugit aut. Quo rem et culpa exercitationem et praesentium. Quia officia perspiciatis ex voluptas vero consequuntur excepturi.','2019-03-12 03:38:48'),
('135','3','9','Labore quibusdam et quam nemo necessitatibus ad praesentium temporibus. Sed animi veniam iusto itaque voluptas corrupti. Fugiat qui fugiat et placeat omnis. Ut dicta veniam illum voluptatem. Qui animi et quam.','1979-03-03 22:43:03'),
('136','4','9','Tenetur aut consequatur esse distinctio doloribus possimus temporibus. Officiis quidem ratione aperiam qui. Odio magni ad voluptas quo quo alias fuga atque. Repellendus quia et repudiandae perferendis doloremque.','1976-03-22 06:46:59'),
('137','3','9','Et nesciunt voluptatum quibusdam quae culpa laborum. Libero dolorum dignissimos facilis molestiae est voluptatum cumque consequatur. Natus est vitae impedit aut nemo.','1979-03-13 16:05:58'),
('138','3','4','Est sapiente molestiae in tempore dolores nihil. Qui eos occaecati deserunt. Eum facere iure quis.','1973-12-07 12:14:04'),
('139','3','3','Libero aut ratione atque qui atque cupiditate. Voluptatem commodi sed vel quo aut molestiae. Ipsum minima placeat id est doloremque ut.','1973-03-23 13:13:22'),
('141','7','6','Est minima illum atque doloribus. Ut ipsa ut aperiam neque corporis. Et veritatis unde et aut in ipsam ut ad. Dolores rerum quaerat quasi placeat non sed rem est.','2018-04-28 13:03:44'),
('142','1','2','Atque eligendi quaerat ut quis nihil. Consequuntur illo voluptatem fugit voluptatum aut explicabo. Error nobis ducimus dolor voluptas fuga deserunt. Ut reprehenderit at et quia est ratione.','1970-03-25 22:07:46'),
('143','4','1','A vel et ea. Aliquid quae pariatur pariatur doloremque ducimus. Non sed suscipit non sint minima. Quia excepturi natus neque necessitatibus minus.','2020-05-02 07:00:26'),
('144','9','1','Autem enim amet mollitia aut perspiciatis nostrum accusantium. Nisi qui ex aliquam maiores voluptatem autem quae. Repellendus voluptatibus et dolorum nihil sunt velit voluptas.','2008-10-05 00:12:01'),
('145','6','2','Nihil perspiciatis repellat ea ad quos dolores nemo saepe. Et accusamus commodi odio nam aut eveniet distinctio. Ab explicabo rerum tempore laudantium eos. Reiciendis tempore ut saepe laudantium consequatur.','1989-07-18 05:51:13'),
('146','2','9','Fugit iure quod rerum nam. Dolorem exercitationem error eius quo. Dicta ipsum quidem omnis incidunt. Consequatur commodi ut velit distinctio officia.','2009-05-21 05:41:36'),
('147','3','8','Dolore quibusdam sint sunt nulla dolorum. Ipsam officiis vero modi non molestiae. Suscipit sit magni voluptatum qui. Laborum magnam consequuntur ad doloribus est id sint.','2018-06-22 09:33:59'),
('148','5','3','Consequatur omnis dolore et quis placeat et. Ex velit autem aperiam aspernatur assumenda sit excepturi. Id eos quia illum ut voluptatem voluptatem. Ipsa dolorum doloribus dolores reiciendis labore soluta ratione inventore.','1979-08-18 13:00:46'),
('153','1','6','Qui ex odio repellendus. Neque aut labore odit necessitatibus. Dolores quia consequatur illum id aut. Illo assumenda ea dignissimos et.','1995-05-05 17:16:01'),
('155','8','9','Sed laborum sint velit sint. Et aut cupiditate nam. Iure odit natus cumque eius velit sit qui. Sed dolorem beatae voluptatem delectus. Laboriosam quis repellendus sint omnis debitis neque molestiae sunt.','2017-08-17 07:57:58'),
('156','1','4','Inventore ea incidunt quia aut iste. Id doloribus est aut vero doloremque odit. Non voluptas libero numquam repudiandae et ducimus. Facilis cumque sapiente libero ut aliquid voluptate sed accusamus.','2008-08-27 20:40:05'),
('157','8','1','Ipsam minima quasi voluptas atque non. Tenetur porro incidunt natus non non labore repellat. Sint voluptatum molestiae optio natus animi necessitatibus.','1982-06-28 21:22:06'),
('158','5','5','Voluptatem esse ut omnis id quam. Ea enim aut sunt non a. Autem placeat veritatis quas possimus velit modi. Enim quia et veniam est voluptate occaecati possimus.','2002-02-05 01:44:13'),
('159','6','8','Reprehenderit dolore est distinctio harum ea consectetur qui quas. Dolorem aut quasi eum eos. Cupiditate beatae qui perspiciatis sit.','1992-07-04 07:24:59'),
('160','3','6','Qui tempore saepe ducimus dolorum expedita et maxime. Ea voluptatem voluptatem velit esse ducimus. Repellendus voluptatibus dolor aperiam sed tempore possimus nihil. Tempore eum sunt minus ex.','1989-03-01 05:51:11'),
('161','9','3','Voluptatem eveniet et necessitatibus praesentium et. Id sunt natus animi quam ea quidem facere. Dolores voluptate impedit voluptatem qui.','2011-07-05 03:59:33'),
('162','7','6','Quis cupiditate molestiae sequi. Doloremque provident id recusandae fugiat. Et sit id et nobis id sit dicta. Qui ducimus vitae et qui dolor.','2010-04-21 11:15:18'),
('163','9','7','Vitae sequi praesentium perspiciatis tempora sed assumenda. Quos quo omnis saepe ea ea.','1975-10-13 06:20:03'),
('164','7','2','Excepturi necessitatibus qui molestias nulla. Odio nostrum et nihil voluptatibus hic ut saepe. Incidunt dignissimos libero laboriosam molestiae repudiandae ut.','1984-05-06 09:49:38'),
('166','9','1','Modi rem ut minima laudantium nihil tenetur. Quisquam et alias asperiores impedit et deserunt recusandae harum. Ut et adipisci quia quis.','1971-05-31 18:29:37'),
('167','4','8','Beatae necessitatibus at quae quis voluptatem. Ut tenetur reiciendis nostrum ipsa nostrum ea quam. Nemo animi temporibus voluptatem iste quia. Qui et aut rerum dolores. Quisquam at aut expedita reprehenderit.','2007-07-03 04:46:06'),
('169','1','7','Dignissimos cupiditate et nihil earum ratione voluptatem quam. Nihil est et autem ad atque. Sit molestiae facilis voluptatem error. Dolor eligendi rerum a similique.','1985-07-05 13:51:18'),
('170','4','3','Consequatur recusandae aut harum qui enim. Vel sit minus quo natus. Consequatur id iure ut dolorem ea. Est et aspernatur quidem et beatae nihil.','2009-04-13 05:12:59'),
('171','1','7','Maxime et aut sed magni officiis. Minima fugit sed architecto quia consequatur. Ipsa quia quo qui sunt.','2015-07-12 05:55:12'),
('172','2','3','Dicta nihil enim eveniet non excepturi. Eum ex nisi est nulla nostrum culpa. Voluptates autem expedita et vel est. Quas inventore est optio assumenda et.','1995-09-23 08:46:16'),
('173','7','6','Quisquam sit officiis quia maxime. Non dicta in quos enim asperiores dolorum. Velit id nesciunt molestiae dicta et et. Neque fuga possimus saepe minus quo.','2008-06-04 11:03:31'),
('174','8','5','Id numquam inventore quisquam temporibus. Aperiam distinctio et eos sunt. Sint commodi libero praesentium eos incidunt perferendis numquam laboriosam. Commodi fugiat sit omnis eos quia reiciendis et. Ea ut praesentium enim ut fuga inventore qui in.','1996-10-27 04:01:01'),
('175','2','4','Velit distinctio enim voluptas et incidunt praesentium et. Totam facere maxime dolor animi aut exercitationem dicta. Ipsa quibusdam voluptas in reprehenderit.','2011-12-06 01:13:16'),
('176','8','7','Expedita et autem aut. Quia ratione voluptatem libero fugiat similique deserunt necessitatibus. Vero nostrum ut ipsam et est pariatur. Doloremque consequuntur dolores ut eos alias vero sunt.','2015-06-11 13:49:36'),
('177','4','6','Aperiam officiis sit iste. Ad id maxime ullam atque debitis ad. Tempora maxime sint ad aut harum. Aliquid aut aut reprehenderit.','1988-07-18 03:19:45'),
('178','5','4','Et rerum itaque nihil voluptatum pariatur vel suscipit. Non voluptas dolores quaerat dolores quas modi voluptatem. Nemo ut velit est sunt. Reprehenderit aut eligendi deserunt in.','1998-12-30 14:23:11'),
('179','1','7','Laborum illum libero ut ut. Alias dolores et quia ut quaerat in. Et dolor est sunt eum. Quaerat mollitia ipsum consectetur explicabo sunt. Illum ut qui adipisci sunt.','2010-10-30 19:21:38'),
('180','4','7','Aliquam possimus a est similique vero saepe quam id. Ut accusantium ipsum at repellat. Voluptatum officiis officia autem ut temporibus.','2011-11-05 00:20:49'),
('182','8','3','Inventore debitis debitis praesentium optio quo vel impedit aut. Rerum aut exercitationem occaecati et quae suscipit odit. Autem magni debitis quae rem. Repudiandae reiciendis ea quibusdam laboriosam nihil.','2000-05-23 23:26:42'),
('184','4','5','Repellendus ex eveniet unde voluptatem. Ipsum illum numquam et nihil animi et nesciunt. Velit esse blanditiis repellendus. Temporibus architecto unde ducimus ut aspernatur qui.','1972-07-01 09:01:04'),
('185','8','4','Quaerat laudantium aperiam et libero id porro et. Quia aut eum cumque eum. Ad labore consequatur qui distinctio dolore.','2015-07-20 10:42:47'),
('186','8','8','Provident qui maiores molestiae qui. Eaque fuga non maxime qui sed sunt. Non nisi id voluptate id sed aut.','1996-01-31 10:41:03'),
('187','9','6','Temporibus libero in deserunt eum. Ducimus ab eligendi laborum eum. Nesciunt voluptatum placeat deserunt enim perferendis. Doloremque est minima porro et. Enim dolorem esse suscipit placeat excepturi.','1976-04-12 02:53:32'),
('188','2','3','Fuga in nulla sunt. Ducimus facere corporis facilis qui. Quas saepe quaerat ut similique placeat dolore.','2001-07-17 08:31:56'),
('189','4','2','Illum inventore voluptatem nihil at et voluptate. Amet voluptates similique velit ut. Laborum totam placeat veniam vel. Et sed doloremque veritatis eveniet commodi ut veritatis.','2005-05-03 22:05:41'),
('191','6','1','Eum sunt est possimus ea. Aliquid ut doloribus in est nisi facilis. Perspiciatis dolorum voluptas quaerat enim pariatur. Excepturi ipsa quasi at maxime autem quia.','1985-03-19 02:54:39'),
('192','4','4','Omnis sint distinctio rerum animi non provident. Qui cupiditate deserunt dolore eos quos consequatur modi. Quia vitae ducimus molestiae delectus. Repellendus non maxime molestias inventore voluptatem ut.','2019-07-01 22:48:05'),
('193','7','1','Ea ea rem consequatur consequatur. Ut similique culpa ea enim debitis molestiae perspiciatis. Eaque ut eius voluptatum modi sit. Excepturi id voluptatibus qui rerum est corporis. Qui explicabo ea expedita dolor.','2010-10-10 07:19:06'),
('194','6','4','Voluptate corrupti hic et ut qui vel. Repudiandae voluptas amet voluptatem tempore eos. Voluptas sunt doloremque necessitatibus enim.','1976-05-12 04:18:52'),
('195','8','9','Et eum autem minima vero sapiente eligendi dolores. Cumque aliquid ipsa vero exercitationem. Esse magni non commodi perspiciatis dicta minus. Porro ducimus corrupti sunt accusantium doloremque. Culpa nisi libero dolorem nesciunt nihil nihil cupiditate ea.','1998-07-15 12:29:39'),
('196','9','6','Voluptas velit vero dolorem temporibus. Aut repudiandae maxime sed exercitationem hic quis. Quis doloremque laborum et quo aut est laborum.','1973-12-27 13:22:44'),
('197','2','1','Voluptatibus debitis ut perferendis voluptatibus provident aliquid alias assumenda. Sequi et fugiat ullam consequuntur soluta doloribus. Perferendis optio adipisci tempore aliquid vel voluptatem. Et occaecati eligendi repudiandae eligendi quae minus.','2003-08-30 22:35:27'),
('198','8','8','Repellat et dignissimos veniam. Voluptatem aut blanditiis ea. Inventore doloribus expedita est non et fuga velit. Qui soluta nulla consequatur ipsa dolores aut reprehenderit molestias.','2007-03-06 01:34:36'),
('199','4','8','Voluptas voluptas nostrum velit dolore reprehenderit quia. Libero fuga quia sit qui soluta. Beatae voluptas ratione vero delectus eum quo.','1977-06-28 07:10:56'); 


DROP TABLE IF EXISTS `photo_albums`;
CREATE TABLE `photo_albums` (
  `id` bigint(20) unsigned NOT NULL AUTO_INCREMENT,
  `name` varchar(255) COLLATE utf8_unicode_ci DEFAULT NULL,
  `user_id` bigint(20) unsigned DEFAULT NULL,
  PRIMARY KEY (`id`),
  UNIQUE KEY `id` (`id`),
  KEY `user_id` (`user_id`),
  CONSTRAINT `photo_albums_ibfk_1` FOREIGN KEY (`user_id`) REFERENCES `users` (`id`)
) ENGINE=InnoDB AUTO_INCREMENT=101 DEFAULT CHARSET=utf8 COLLATE=utf8_unicode_ci;

INSERT INTO `photo_albums` VALUES ('1','consequuntur','1'),
('2','consequuntur','2'),
('3','deserunt','3'),
('4','blanditiis','4'),
('5','voluptatem','5'),
('6','dolore','6'),
('7','maiores','7'),
('8','qui','8'),
('9','sed','9'),
('10','libero','10'),
('11','cumque','11'),
('12','error','12'),
('13','culpa','13'),
('14','quaerat','14'),
('15','fuga','15'),
('16','consequuntur','16'),
('17','impedit','17'),
('18','ex','18'),
('19','doloremque','19'),
('20','ut','20'),
('21','cum','21'),
('22','velit','22'),
('23','libero','23'),
('24','laboriosam','24'),
('25','nostrum','25'),
('26','nobis','26'),
('27','rerum','27'),
('28','est','28'),
('29','fugiat','29'),
('30','illum','30'),
('31','quaerat','31'),
('32','repellendus','32'),
('33','excepturi','33'),
('34','qui','34'),
('35','ut','35'),
('36','sapiente','36'),
('37','expedita','37'),
('38','minima','38'),
('39','facere','39'),
('40','voluptates','40'),
('41','nesciunt','41'),
('42','debitis','42'),
('43','explicabo','43'),
('44','vel','44'),
('45','voluptatem','45'),
('46','architecto','46'),
('47','voluptas','47'),
('48','ut','48'),
('49','qui','49'),
('50','adipisci','50'),
('51','aspernatur','51'),
('52','dolorem','52'),
('53','quisquam','53'),
('54','reprehenderit','54'),
('55','iste','55'),
('56','et','56'),
('57','accusamus','57'),
('58','modi','58'),
('59','asperiores','59'),
('60','atque','60'),
('61','totam','61'),
('62','debitis','62'),
('63','molestiae','63'),
('64','dolor','64'),
('65','eligendi','65'),
('66','dicta','66'),
('67','ex','67'),
('68','et','68'),
('69','rerum','69'),
('70','dolorum','70'),
('71','non','71'),
('72','et','72'),
('73','natus','73'),
('74','rem','74'),
('75','non','75'),
('76','eveniet','76'),
('77','atque','77'),
('78','eaque','78'),
('79','dignissimos','79'),
('80','ea','80'),
('81','est','81'),
('82','dolorem','82'),
('83','vel','83'),
('84','qui','84'),
('85','accusantium','85'),
('86','sint','86'),
('87','non','87'),
('88','cupiditate','88'),
('89','alias','89'),
('90','reprehenderit','90'),
('91','voluptatem','91'),
('92','aut','92'),
('93','rem','93'),
('94','eaque','94'),
('95','quia','95'),
('96','fuga','96'),
('97','eos','97'),
('98','nihil','98'),
('99','aspernatur','99'),
('100','aperiam','100'); 


DROP TABLE IF EXISTS `photos`;
CREATE TABLE `photos` (
  `id` bigint(20) unsigned NOT NULL AUTO_INCREMENT,
  `album_id` bigint(20) unsigned NOT NULL,
  `media_id` bigint(20) unsigned NOT NULL,
  PRIMARY KEY (`id`),
  KEY `album_id` (`album_id`),
  KEY `media_id` (`media_id`),
  CONSTRAINT `photos_ibfk_1` FOREIGN KEY (`album_id`) REFERENCES `photo_albums` (`id`),
  CONSTRAINT `photos_ibfk_2` FOREIGN KEY (`media_id`) REFERENCES `media` (`id`)
) ENGINE=InnoDB AUTO_INCREMENT=101 DEFAULT CHARSET=utf8 COLLATE=utf8_unicode_ci;

INSERT INTO `photos` VALUES ('1','9','1'),
('2','9','2'),
('3','6','3'),
('4','6','4'),
('5','2','5'),
('6','9','6'),
('7','5','7'),
('8','1','8'),
('9','3','9'),
('10','5','10'),
('11','5','11'),
('12','5','12'),
('13','6','13'),
('14','2','14'),
('15','4','15'),
('16','4','16'),
('17','1','17'),
('18','4','18'),
('19','1','19'),
('20','9','20'),
('21','9','21'),
('22','8','22'),
('23','6','23'),
('24','3','24'),
('25','9','25'),
('26','4','26'),
('27','2','27'),
('28','5','28'),
('29','7','29'),
('30','7','30'),
('31','6','31'),
('32','6','32'),
('33','8','33'),
('34','7','34'),
('35','8','35'),
('36','9','36'),
('37','6','37'),
('38','5','38'),
('39','8','39'),
('40','4','40'),
('41','2','41'),
('42','1','42'),
('43','1','43'),
('44','2','44'),
('45','5','45'),
('46','3','46'),
('47','8','47'),
('48','7','48'),
('49','9','49'),
('50','5','50'),
('51','7','51'),
('52','9','52'),
('53','1','53'),
('54','8','54'),
('55','7','55'),
('56','4','56'),
('57','5','57'),
('58','9','58'),
('59','2','59'),
('60','4','60'),
('61','4','61'),
('62','4','62'),
('63','7','63'),
('64','2','64'),
('65','2','65'),
('66','9','66'),
('67','7','67'),
('68','2','68'),
('69','1','69'),
('70','4','70'),
('71','3','71'),
('72','8','72'),
('73','6','73'),
('74','8','74'),
('75','8','75'),
('76','4','76'),
('77','9','77'),
('78','2','78'),
('79','5','79'),
('80','9','80'),
('81','1','81'),
('82','8','82'),
('83','2','83'),
('84','4','84'),
('85','7','85'),
('86','1','86'),
('87','3','87'),
('88','4','88'),
('89','3','89'),
('90','3','90'),
('91','1','91'),
('92','7','92'),
('93','7','93'),
('94','7','94'),
('95','3','95'),
('96','7','96'),
('97','7','97'),
('98','9','98'),
('99','4','99'),
('100','9','100'); 


DROP TABLE IF EXISTS `profiles`;
CREATE TABLE `profiles` (
  `user_id` bigint(20) unsigned NOT NULL AUTO_INCREMENT,
  `gender` char(1) COLLATE utf8_unicode_ci DEFAULT NULL,
  `birthday` date DEFAULT NULL,
  `photo_id` bigint(20) unsigned DEFAULT NULL,
  `created_at` datetime DEFAULT current_timestamp(),
  `hometown` varchar(100) COLLATE utf8_unicode_ci DEFAULT NULL,
  PRIMARY KEY (`user_id`),
  CONSTRAINT `fk_user_id` FOREIGN KEY (`user_id`) REFERENCES `users` (`id`) ON DELETE NO ACTION ON UPDATE CASCADE
) ENGINE=InnoDB AUTO_INCREMENT=101 DEFAULT CHARSET=utf8 COLLATE=utf8_unicode_ci;

INSERT INTO `profiles` VALUES ('1',NULL,'1990-04-22','1','1993-07-09 08:46:49',NULL),
('2',NULL,'2013-12-25','2','1985-08-31 07:12:45',NULL),
('3',NULL,'2015-01-28','3','1990-10-26 20:03:22',NULL),
('4',NULL,'1970-02-22','4','1976-03-06 15:59:06',NULL),
('5',NULL,'2009-07-13','5','1985-04-29 22:03:27',NULL),
('6',NULL,'1977-05-13','6','1996-11-29 16:13:56',NULL),
('7',NULL,'1988-01-10','7','2007-01-13 21:18:55',NULL),
('8',NULL,'1996-05-08','8','2008-07-10 20:07:15',NULL),
('9',NULL,'1983-08-11','9','1975-05-23 13:27:59',NULL),
('10',NULL,'1978-02-05','10','1986-02-17 08:16:47',NULL),
('11',NULL,'1985-10-29','11','2017-08-18 07:20:43',NULL),
('12',NULL,'2013-09-09','12','1986-04-03 12:38:23',NULL),
('13',NULL,'2008-02-24','13','2012-09-09 06:48:21',NULL),
('14',NULL,'2013-02-28','14','2015-10-27 01:01:41',NULL),
('15',NULL,'2014-05-06','15','1976-12-10 04:05:55',NULL),
('16',NULL,'2016-11-10','16','1977-05-22 20:54:22',NULL),
('17',NULL,'1998-08-31','17','1995-04-23 12:17:37',NULL),
('18',NULL,'2009-06-14','18','1997-12-19 02:16:32',NULL),
('19',NULL,'2003-10-15','19','2008-12-23 10:42:01',NULL),
('20',NULL,'2014-02-25','20','1978-01-22 21:09:01',NULL),
('21',NULL,'1979-05-17','21','1993-07-02 10:24:38',NULL),
('22',NULL,'1980-09-05','22','2013-06-02 08:53:47',NULL),
('23',NULL,'2006-03-14','23','1990-09-09 09:02:36',NULL),
('24',NULL,'1987-08-05','24','2009-10-22 13:12:03',NULL),
('25',NULL,'1980-02-11','25','2004-05-23 04:21:30',NULL),
('26',NULL,'1974-05-16','26','1981-12-08 08:38:14',NULL),
('27',NULL,'1977-06-30','27','1990-01-21 19:07:17',NULL),
('28',NULL,'1997-06-17','28','1998-01-10 03:53:38',NULL),
('29',NULL,'1991-12-28','29','1985-10-08 15:20:55',NULL),
('30',NULL,'1992-04-25','30','1987-04-29 17:42:11',NULL),
('31',NULL,'1984-01-11','31','1993-05-27 17:36:09',NULL),
('32',NULL,'1998-08-05','32','1974-03-06 14:32:06',NULL),
('33',NULL,'1976-12-11','33','2019-09-29 03:09:07',NULL),
('34',NULL,'1993-08-30','34','2012-06-27 21:47:00',NULL),
('35',NULL,'2017-05-30','35','2018-03-31 21:58:43',NULL),
('36',NULL,'1997-08-28','36','1998-04-19 05:00:38',NULL),
('37',NULL,'1983-02-08','37','1971-11-15 07:19:16',NULL),
('38',NULL,'1988-03-29','38','2013-10-13 01:05:42',NULL),
('39',NULL,'2009-07-05','39','2014-03-23 15:07:41',NULL),
('40',NULL,'2004-02-01','40','2000-08-27 10:15:55',NULL),
('41',NULL,'2002-11-05','41','1972-09-09 03:55:49',NULL),
('42',NULL,'1993-07-06','42','2004-09-29 11:51:33',NULL),
('43',NULL,'1971-12-12','43','1985-04-27 01:42:36',NULL),
('44',NULL,'2010-04-30','44','1984-10-15 02:10:19',NULL),
('45',NULL,'2007-03-31','45','2008-08-28 12:50:33',NULL),
('46',NULL,'1981-04-03','46','1974-01-01 19:17:11',NULL),
('47',NULL,'1994-07-05','47','1983-09-05 14:35:08',NULL),
('48',NULL,'1990-09-30','48','1993-12-19 02:45:55',NULL),
('49',NULL,'2013-06-05','49','2017-07-06 09:45:06',NULL),
('50',NULL,'1980-09-03','50','2006-12-31 10:52:42',NULL),
('51',NULL,'2009-12-12','51','1983-06-26 23:39:41',NULL),
('52',NULL,'1992-03-16','52','2001-09-14 17:40:40',NULL),
('53',NULL,'1974-07-20','53','1981-02-03 09:24:41',NULL),
('54',NULL,'1982-11-17','54','1972-05-14 02:34:10',NULL),
('55',NULL,'1972-08-31','55','1987-11-01 10:34:04',NULL),
('56',NULL,'2014-05-27','56','2003-11-09 00:50:56',NULL),
('57',NULL,'2011-01-05','57','1970-03-18 12:09:50',NULL),
('58',NULL,'2012-10-05','58','1990-04-13 06:35:10',NULL),
('59',NULL,'1980-02-01','59','2008-11-16 15:04:36',NULL),
('60',NULL,'2001-03-19','60','1993-11-09 07:25:24',NULL),
('61',NULL,'1973-04-06','61','2011-04-07 17:54:12',NULL),
('62',NULL,'2006-08-19','62','1994-10-05 14:12:33',NULL),
('63',NULL,'2004-05-14','63','1985-07-23 09:29:02',NULL),
('64',NULL,'2010-10-13','64','2013-04-11 06:27:28',NULL),
('65',NULL,'2004-07-07','65','1981-01-09 12:01:02',NULL),
('66',NULL,'1989-04-04','66','1995-01-13 11:00:59',NULL),
('67',NULL,'2003-06-08','67','1972-04-17 23:21:12',NULL),
('68',NULL,'2007-01-03','68','1989-09-26 16:50:33',NULL),
('69',NULL,'1987-05-10','69','1996-01-17 19:33:41',NULL),
('70',NULL,'1982-10-23','70','2005-03-20 19:34:57',NULL),
('71',NULL,'1992-07-26','71','1972-04-04 00:15:10',NULL),
('72',NULL,'1999-04-18','72','2015-06-01 18:08:13',NULL),
('73',NULL,'1979-11-21','73','2017-06-24 08:16:22',NULL),
('74',NULL,'1997-06-26','74','2004-06-15 18:40:33',NULL),
('75',NULL,'1988-06-07','75','1996-11-09 12:14:45',NULL),
('76',NULL,'1983-06-01','76','1986-11-26 11:06:20',NULL),
('77',NULL,'1992-10-15','77','1999-10-16 18:10:36',NULL),
('78',NULL,'1989-05-21','78','1999-05-28 03:06:10',NULL),
('79',NULL,'2017-11-05','79','1984-06-25 02:31:26',NULL),
('80',NULL,'1981-11-13','80','2008-12-10 05:04:53',NULL),
('81',NULL,'1974-08-17','81','1976-05-06 08:55:54',NULL),
('82',NULL,'1993-12-16','82','1977-05-24 06:02:24',NULL),
('83',NULL,'1974-04-03','83','2017-03-18 12:53:46',NULL),
('84',NULL,'2009-04-20','84','1975-02-18 08:13:17',NULL),
('85',NULL,'1999-02-09','85','1986-06-30 14:37:21',NULL),
('86',NULL,'1988-11-24','86','1991-09-17 05:10:37',NULL),
('87',NULL,'2008-05-03','87','2002-12-02 00:41:20',NULL),
('88',NULL,'2007-03-14','88','2014-03-15 03:14:02',NULL),
('89',NULL,'1979-01-13','89','1989-09-18 14:34:17',NULL),
('90',NULL,'1985-02-15','90','2012-12-23 00:40:57',NULL),
('91',NULL,'1984-10-09','91','1993-03-02 04:21:32',NULL),
('92',NULL,'1991-04-09','92','1996-09-07 23:16:38',NULL),
('93',NULL,'1999-08-10','93','1974-07-31 10:50:51',NULL),
('94',NULL,'1985-07-28','94','1972-08-03 00:37:44',NULL),
('95',NULL,'1976-03-26','95','1983-12-10 21:39:25',NULL),
('96',NULL,'1980-05-07','96','2018-05-31 21:22:20',NULL),
('97',NULL,'2014-05-20','97','1987-01-24 22:51:14',NULL),
('98',NULL,'1997-10-04','98','2004-05-26 04:46:29',NULL),
('99',NULL,'1972-10-25','99','2018-10-17 20:24:17',NULL),
('100',NULL,'2013-02-13','100','1975-08-09 19:59:38',NULL); 


DROP TABLE IF EXISTS `users`;
CREATE TABLE `users` (
  `id` bigint(20) unsigned NOT NULL AUTO_INCREMENT,
  `firstname` varchar(50) COLLATE utf8_unicode_ci DEFAULT NULL,
  `lastname` varchar(50) COLLATE utf8_unicode_ci DEFAULT NULL COMMENT '',
  `email` varchar(120) COLLATE utf8_unicode_ci DEFAULT NULL,
  `phone` bigint(20) DEFAULT NULL,
  PRIMARY KEY (`id`),
  UNIQUE KEY `email` (`email`),
  KEY `users_firstname_lastname_idx` (`firstname`,`lastname`)
) ENGINE=InnoDB AUTO_INCREMENT=101 DEFAULT CHARSET=utf8 COLLATE=utf8_unicode_ci;

INSERT INTO `users` VALUES ('1','Jaden','Grimes','wilfrid.rempel@example.net','655928'),
('2','Brody','Kerluke','wuckert.donnell@example.org','1'),
('3','Julio','Sporer','bosco.desiree@example.com','500'),
('4','Christiana','Yundt','fleta.rippin@example.org','954607'),
('5','Brandy','Boyle','cremin.nathan@example.com','605'),
('6','April','Leffler','agnes79@example.com','1'),
('7','Julio','Champlin','adele21@example.com','253'),
('8','Brandy','Kemmer','giovani75@example.org','1'),
('9','Friedrich','Waters','javon.cummerata@example.net','379050'),
('10','Brent','Waelchi','justus.langosh@example.net','295'),
('11','Shanny','Jakubowski','teresa.eichmann@example.net','28'),
('12','Leopoldo','Doyle','tamia12@example.com','824190'),
('13','Ivory','Murphy','dane61@example.com','1'),
('14','Bert','Jast','frenner@example.org','0'),
('15','Aileen','Emmerich','pbarrows@example.com','592427'),
('16','Gavin','Sanford','rosemarie27@example.org','0'),
('17','Jamarcus','Mante','dhegmann@example.org','22290'),
('18','Antonietta','Thompson','johnnie.bednar@example.com','0'),
('19','Jeanie','Morar','maurine.rath@example.org','62'),
('20','Lowell','Graham','heathcote.myrtle@example.com','791544'),
('21','Cleo','Heaney','ignacio32@example.org','1'),
('22','Dakota','Ferry','bgrady@example.org','208256'),
('23','Beau','Bahringer','ukerluke@example.com','0'),
('24','Johnson','Zieme','aditya10@example.com','8712527537'),
('25','Torrey','Raynor','smurazik@example.com','1'),
('26','Easton','Blick','mayert.paris@example.com','972062'),
('27','Nakia','Stehr','green.pansy@example.com','4'),
('28','Kelton','Thompson','bergnaum.drake@example.net','856'),
('29','Triston','Ankunding','ykunde@example.org','12'),
('30','Betty','Bashirian','moen.annie@example.com','370423'),
('31','Lloyd','Glover','stacey43@example.com','1'),
('32','Tyree','Wisoky','abernathy.cheyenne@example.net','1'),
('33','Leanne','DuBuque','pouros.nedra@example.org','0'),
('34','Agnes','Ruecker','jacquelyn.stiedemann@example.net','575'),
('35','Oda','Bogisich','metz.danny@example.org','835939'),
('36','Dolores','Kassulke','feest.carley@example.com','540630'),
('37','Dasia','Doyle','zsmitham@example.org','585'),
('38','Ines','Vandervort','qvolkman@example.org','0'),
('39','Irwin','Streich','jernser@example.net','13'),
('40','Lisa','Tremblay','declan.littel@example.com','0'),
('41','Jamel','Blanda','elinor.sporer@example.org','1'),
('42','Preston','Mills','hwuckert@example.org','86'),
('43','Tania','Anderson','julie.crooks@example.com','99'),
('44','Ila','Hahn','sledner@example.net','9574581627'),
('45','Easter','Rice','kemmer.mike@example.org','1'),
('46','Teagan','Rutherford','hamill.korbin@example.com','434780'),
('47','Sierra','Mosciski','bartell.darwin@example.net','332'),
('48','Nicolas','Pouros','hegmann.danyka@example.net','1'),
('49','Bradly','Schowalter','chaz.ondricka@example.net','1'),
('50','Jaunita','Windler','fadel.ruthe@example.org','1'),
('51','Scarlett','Davis','mya15@example.com','817'),
('52','Sasha','Lueilwitz','broderick74@example.com','432955'),
('53','Emilia','Thiel','ischmitt@example.net','932731'),
('54','London','Barrows','bridgette17@example.org','807'),
('55','Kendrick','Jerde','river53@example.org','394491'),
('56','Adela','Beer','desmond15@example.com','12851'),
('57','Zita','McClure','mpacocha@example.com','1'),
('58','Jannie','Ziemann','lwehner@example.com','855'),
('59','Bernita','Lemke','adolphus70@example.net','41152'),
('60','Caesar','Gorczany','cmorar@example.com','1'),
('61','Keira','Schaden','dicki.verna@example.net','288655'),
('62','Judge','Huel','maiya.metz@example.com','1'),
('63','Demond','Mohr','balistreri.lula@example.com','0'),
('64','Jennyfer','Bogan','hegmann.austen@example.org','9'),
('65','Donny','McDermott','chintz@example.net','5169932881'),
('66','Leopoldo','Kihn','herta46@example.net','915'),
('67','Marquis','Johns','estanton@example.org','9688487056'),
('68','Leda','Parker','tprosacco@example.org','0'),
('69','Jody','Wehner','hickle.stella@example.com','0'),
('70','Velma','Brekke','favian.reilly@example.org','1'),
('71','Jacklyn','Sauer','jett.koss@example.com','365087'),
('72','Araceli','Murray','harvey.amya@example.org','894184'),
('73','Noemi','Ortiz','jacobson.maryam@example.net','1'),
('74','Mckayla','McDermott','edwardo72@example.net','340'),
('75','Joelle','Runte','casper.rosendo@example.net','46440'),
('76','Marjorie','Vandervort','wehner.alexane@example.com','0'),
('77','Arden','Padberg','sonia13@example.org','54'),
('78','Allison','Hessel','mcdermott.lera@example.net','756'),
('79','Thea','Aufderhar','manuela14@example.org','320067'),
('80','Tremaine','Shields','ywalsh@example.org','518'),
('81','Ashlynn','Hills','glowe@example.net','897'),
('82','April','Bartell','marilyne86@example.com','843'),
('83','Mikayla','Denesik','gwendolyn.kihn@example.net','6477586105'),
('84','Mayra','Gulgowski','camden69@example.org','23'),
('85','Louie','Purdy','garth.wuckert@example.net','0'),
('86','Howell','Murray','fausto78@example.com','16'),
('87','Grayson','Huel','vergie.bahringer@example.net','0'),
('88','Dahlia','Leffler','eldon62@example.net','1'),
('89','Jaclyn','Buckridge','earnest.wintheiser@example.org','994209'),
('90','Gage','Ebert','erik.goldner@example.com','28'),
('91','Mia','Wunsch','ekemmer@example.net','1'),
('92','Blaise','Kuphal','violet.dietrich@example.net','0'),
('93','Marcel','Doyle','otis.balistreri@example.com','776'),
('94','Hannah','Jerde','btowne@example.net','6978731403'),
('95','Tyler','Bednar','delbert.kuvalis@example.com','54273'),
('96','Gideon','Predovic','gfritsch@example.com','1'),
('97','Alfonzo','Lebsack','kaia.hudson@example.net','5128903510'),
('98','Ibrahim','Streich','hermiston.ernestine@example.com','703840'),
('99','Mikel','Wunsch','achristiansen@example.org','498'),
('100','Angie','Lindgren','hhermann@example.com','0'); 


DROP TABLE IF EXISTS `users_communities`;
CREATE TABLE `users_communities` (
  `user_id` bigint(20) unsigned NOT NULL,
  `community_id` bigint(20) unsigned NOT NULL,
  PRIMARY KEY (`user_id`,`community_id`),
  KEY `community_id` (`community_id`),
  CONSTRAINT `users_communities_ibfk_1` FOREIGN KEY (`user_id`) REFERENCES `users` (`id`),
  CONSTRAINT `users_communities_ibfk_2` FOREIGN KEY (`community_id`) REFERENCES `communities` (`id`)
) ENGINE=InnoDB DEFAULT CHARSET=utf8 COLLATE=utf8_unicode_ci;

INSERT INTO `users_communities` VALUES ('1','1'),
('1','2'),
('1','3'),
('1','4'),
('1','6'),
('1','7'),
('1','9'),
('2','1'),
('2','2'),
('2','3'),
('2','5'),
('2','6'),
('2','8'),
('3','1'),
('3','3'),
('3','4'),
('3','5'),
('3','7'),
('3','8'),
('4','3'),
('4','5'),
('4','6'),
('4','7'),
('5','1'),
('5','2'),
('5','3'),
('5','4'),
('5','5'),
('5','6'),
('5','7'),
('5','8'),
('5','9'),
('6','1'),
('6','2'),
('6','3'),
('6','4'),
('6','5'),
('7','2'),
('7','4'),
('7','6'),
('7','7'),
('7','8'),
('7','9'),
('8','2'),
('8','4'),
('8','5'),
('8','7'),
('8','8'),
('8','9'),
('9','2'),
('9','3'),
('9','4'),
('9','5'),
('9','6'); 




/*!40101 SET SQL_MODE=@OLD_SQL_MODE */;
/*!40014 SET FOREIGN_KEY_CHECKS=@OLD_FOREIGN_KEY_CHECKS */;
/*!40014 SET UNIQUE_CHECKS=@OLD_UNIQUE_CHECKS */;
/*!40101 SET CHARACTER_SET_CLIENT=@OLD_CHARACTER_SET_CLIENT */;
/*!40101 SET CHARACTER_SET_RESULTS=@OLD_CHARACTER_SET_RESULTS */;
/*!40101 SET COLLATION_CONNECTION=@OLD_COLLATION_CONNECTION */;
/*!40111 SET SQL_NOTES=@OLD_SQL_NOTES */;

